<?xml version="1.0" encoding="UTF-8"?>

<channel name="xfce4-panel" version="1.0">
  <property name="configver" type="int" value="2"/>
  <property name="panels" type="array">
    <value type="int" value="1"/>
    <property name="dark-mode" type="bool" value="false"/>
    <property name="panel-1" type="empty">
      <property name="position" type="string" value="p=8;x=640;y=786"/>
      <property name="length" type="uint" value="100"/>
      <property name="position-locked" type="bool" value="true"/>
      <property name="icon-size" type="uint" value="23"/>
      <property name="size" type="uint" value="33"/>
      <property name="plugin-ids" type="array">
        <value type="int" value="8"/>
        <value type="int" value="1"/>
        <value type="int" value="9"/>
        <value type="int" value="4"/>
        <value type="int" value="5"/>
        <value type="int" value="7"/>
        <value type="int" value="2"/>
        <value type="int" value="3"/>
        <value type="int" value="12"/>
        <value type="int" value="13"/>
        <value type="int" value="14"/>
        <value type="int" value="10"/>
      </property>
      <property name="nrows" type="uint" value="1"/>
      <property name="background-style" type="uint" value="1"/>
      <property name="background-rgba" type="array">
        <value type="double" value="0.603922"/>
        <value type="double" value="0.600000"/>
        <value type="double" value="0.588235"/>
        <value type="double" value="1.000000"/>
      </property>
    </property>
  </property>
  <property name="plugins" type="empty">
    <property name="plugin-1" type="string" value="applicationsmenu">
      <property name="button-icon" type="string" value="folder-wine"/>
      <property name="button-title" type="string" value=""/>
      <property name="custom-menu" type="bool" value="false"/>
      <property name="small" type="bool" value="false"/>
    </property>
    <property name="plugin-2" type="string" value="tasklist">
      <property name="grouping" type="uint" value="1"/>
    </property>
    <property name="plugin-3" type="string" value="separator">
      <property name="expand" type="bool" value="true"/>
      <property name="style" type="uint" value="0"/>
    </property>
    <property name="plugin-12" type="string" value="clock"/>
    <property name="plugin-13" type="string" value="separator">
      <property name="style" type="uint" value="0"/>
    </property>
    <property name="plugin-14" type="string" value="actions"/>
    <property name="plugin-4" type="string" value="launcher">
      <property name="items" type="array">
        <value type="string" value="16712108795.desktop"/>
      </property>
    </property>
    <property name="plugin-5" type="string" value="launcher">
      <property name="items" type="array">
        <value type="string" value="16712109536.desktop"/>
      </property>
    </property>
    <property name="plugin-7" type="string" value="launcher">
      <property name="items" type="array">
        <value type="string" value="16712109697.desktop"/>
      </property>
    </property>
    <property name="plugin-8" type="string" value="separator"/>
    <property name="plugin-9" type="string" value="separator"/>
    <property name="plugin-10" type="string" value="separator"/>
  </property>
</channel>
